Lemma Word,Sentiment Level
Negative Lemmas
Positive Lemmas
get,5.0
good,4.818181818181818
place,4.333333333333333
wa,3.8947368421052633
